,Accuracy,Cohen_Kappa
LDA,76.85,0.6305241330384441
Bayes,66.2,0.40136437560134763
