,Discrimination_power,p_value
Ore_Studiu,1201.0423640076613,0.0
Ore_Activitati_Extracuriculare,0.1078852587224162,0.9
Ore_Somn,115.1557814794353,0.0
Ore_Social,3.023517924594067,0.05
Ore_Activ,50.267015213830625,0.0
GPA,434.8881922785501,0.0
